name,description,artwork,material_level,vendor_available,vendor_price,is_gatherable,is_lootable,is_crafting_ingredient,required_gathering_level,minimum_monster_level,max_stack_size,code
Ape Fur,This will be a longer description,ape_fur,1,TRUE,100,TRUE,TRUE,TRUE,1,1,999,ape_fur
Bat Wing,This will be a longer description,bat_wing,2,TRUE,200,TRUE,TRUE,TRUE,1,2,999,bat_wing
Bear Paw,This will be a longer description,bear_paw,3,TRUE,500,TRUE,TRUE,TRUE,1,3,999,bear_paw
Behemoth Claw,This will be a longer description,behemoth_claw,4,FALSE,,TRUE,TRUE,TRUE,2,4,999,behemoth_claw
Bonelord Eye,This will be a longer description,bonelord_eye,5,FALSE,,TRUE,TRUE,TRUE,2,5,999,bonelord_eye
Demon Dust,This will be a longer description,demon_dust,6,FALSE,,TRUE,TRUE,TRUE,2,6,999,demon_dust
Fish Fin,This will be a longer description,fish_fin,7,FALSE,,TRUE,TRUE,TRUE,3,7,999,fish_fin
Spider Silk,This will be a longer description,spider_silk,8,FALSE,,TRUE,TRUE,TRUE,3,8,999,spider_silk
Green Dragon Leather,This will be a longer description,green_dragon_leather,9,FALSE,,TRUE,TRUE,TRUE,3,9,999,green_dragon_leather
Red Dragon Leather,This will be a longer description,red_dragon_leather,10,FALSE,,TRUE,TRUE,TRUE,4,10,999,red_dragon_leather