table_name,column_name,referenced_table,referenced_column,delete_rule,update_rule
account_addons,account_id,accounts,account_id,CASCADE,NO ACTION
account_addons,addon_definition_id,addon_definitions,addon_definition_id,RESTRICT,NO ACTION
account_friends,friend_account_id,accounts,account_id,CASCADE,NO ACTION
account_friends,account_id,accounts,account_id,CASCADE,NO ACTION
account_outfits,account_id,accounts,account_id,CASCADE,NO ACTION
account_outfits,outfit_definition_id,outfit_definitions,outfit_definition_id,RESTRICT,NO ACTION
account_sessions,account_id,accounts,account_id,CASCADE,NO ACTION
achievement_progress,account_id,accounts,account_id,CASCADE,NO ACTION
achievement_progress,achievement_id,achievements,achievement_id,RESTRICT,NO ACTION
addon_definitions,outfit_definition_id,outfit_definitions,outfit_definition_id,CASCADE,NO ACTION
admin_actions,account_id,accounts,account_id,SET NULL,NO ACTION
auction_history,seller_character_id,characters,character_id,RESTRICT,NO ACTION
auction_history,consumable_definition_id,consumable_definitions,consumable_definition_id,RESTRICT,NO ACTION
auction_history,material_id,materials,material_id,RESTRICT,NO ACTION
auction_history,item_id,items,item_id,RESTRICT,NO ACTION
auction_history,auction_listing_id,auction_listings,auction_listing_id,RESTRICT,NO ACTION
auction_history,buyer_character_id,characters,character_id,RESTRICT,NO ACTION
auction_listings,material_id,materials,material_id,RESTRICT,NO ACTION
auction_listings,consumable_definition_id,consumable_definitions,consumable_definition_id,RESTRICT,NO ACTION
auction_listings,character_id,characters,character_id,RESTRICT,NO ACTION
auction_listings,item_id,items,item_id,RESTRICT,NO ACTION
bestiary_entries,character_id,characters,character_id,CASCADE,NO ACTION
bestiary_entries,monster_id,monsters,monster_id,RESTRICT,NO ACTION
bestiary_statistics,character_id,characters,character_id,CASCADE,NO ACTION
bestiary_statistics,monster_id,monsters,monster_id,RESTRICT,NO ACTION
bosses,monster_id,monsters,monster_id,RESTRICT,NO ACTION
character_buffs,character_id,characters,character_id,CASCADE,NO ACTION
character_buffs,consumable_definition_id,consumable_definitions,consumable_definition_id,RESTRICT,NO ACTION
character_buffs,spell_id,spells,spell_id,RESTRICT,NO ACTION
character_cooldowns,target_id,monsters,monster_id,RESTRICT,NO ACTION
character_cooldowns,character_id,characters,character_id,CASCADE,NO ACTION
character_daily_boss_progress,daily_boss_definition_id,daily_boss_definitions,daily_boss_definition_id,RESTRICT,NO ACTION
character_daily_boss_progress,character_id,characters,character_id,CASCADE,NO ACTION
character_loadouts,spell_3_id,spells,spell_id,RESTRICT,NO ACTION
character_loadouts,spell_2_id,spells,spell_id,RESTRICT,NO ACTION
character_loadouts,spell_1_id,spells,spell_id,RESTRICT,NO ACTION
character_loadouts,character_id,characters,character_id,CASCADE,NO ACTION
character_spell_mastery,character_id,characters,character_id,CASCADE,NO ACTION
character_spells,character_id,characters,character_id,CASCADE,NO ACTION
character_spells,spell_id,spells,spell_id,RESTRICT,NO ACTION
character_statistics,strongest_boss_killed_id,bosses,boss_id,SET NULL,NO ACTION
character_statistics,strongest_monster_killed_id,monsters,monster_id,SET NULL,NO ACTION
character_statistics,character_id,characters,character_id,CASCADE,NO ACTION
character_unlocks,character_id,characters,character_id,CASCADE,NO ACTION
characters,account_id,accounts,account_id,RESTRICT,NO ACTION
characters,season_id,seasons,season_id,RESTRICT,NO ACTION
chest_reward_definitions,chest_definition_id,chest_definitions,chest_definition_id,CASCADE,NO ACTION
combat_effects,consumable_definition_id,consumable_definitions,consumable_definition_id,RESTRICT,NO ACTION
combat_effects,spell_id,spells,spell_id,RESTRICT,NO ACTION
combat_effects,combat_session_id,combat_sessions,combat_session_id,CASCADE,NO ACTION
combat_logs,character_id,characters,character_id,CASCADE,NO ACTION
combat_logs,combat_session_id,combat_sessions,combat_session_id,RESTRICT,NO ACTION
combat_logs,monster_id,monsters,monster_id,RESTRICT,NO ACTION
combat_sessions,monster_id,monsters,monster_id,RESTRICT,NO ACTION
combat_sessions,character_id,characters,character_id,CASCADE,NO ACTION
combat_spell_cooldowns,combat_session_id,combat_sessions,combat_session_id,CASCADE,NO ACTION
combat_spell_cooldowns,spell_id,spells,spell_id,RESTRICT,NO ACTION
consumable_storage,consumable_definition_id,consumable_definitions,consumable_definition_id,RESTRICT,NO ACTION
consumable_storage,character_id,characters,character_id,CASCADE,NO ACTION
crafting_history,character_id,characters,character_id,CASCADE,NO ACTION
crafting_history,recipe_id,recipes,recipe_id,RESTRICT,NO ACTION
crafting_queue,recipe_id,recipes,recipe_id,RESTRICT,NO ACTION
crafting_queue,character_id,characters,character_id,CASCADE,NO ACTION
daily_boss_definitions,boss_id,bosses,boss_id,RESTRICT,NO ACTION
daily_boss_pools,daily_boss_definition_id,daily_boss_definitions,daily_boss_definition_id,CASCADE,NO ACTION
daily_boss_rotation,tier_1_boss_id,daily_boss_definitions,daily_boss_definition_id,RESTRICT,NO ACTION
daily_boss_rotation,tier_3_boss_id,daily_boss_definitions,daily_boss_definition_id,RESTRICT,NO ACTION
daily_boss_rotation,tier_2_boss_id,daily_boss_definitions,daily_boss_definition_id,RESTRICT,NO ACTION
daily_chest_progress,character_id,characters,character_id,CASCADE,NO ACTION
equipment_loadouts,amulet_item_id,items,item_id,RESTRICT,NO ACTION
equipment_loadouts,ring_item_id,items,item_id,RESTRICT,NO ACTION
equipment_loadouts,boots_item_id,items,item_id,RESTRICT,NO ACTION
equipment_loadouts,legs_item_id,items,item_id,RESTRICT,NO ACTION
equipment_loadouts,shield_item_id,items,item_id,RESTRICT,NO ACTION
equipment_loadouts,armor_item_id,items,item_id,RESTRICT,NO ACTION
equipment_loadouts,helmet_item_id,items,item_id,RESTRICT,NO ACTION
equipment_loadouts,weapon_item_id,items,item_id,RESTRICT,NO ACTION
equipment_loadouts,character_id,characters,character_id,CASCADE,NO ACTION
friend_requests,sender_account_id,accounts,account_id,CASCADE,NO ACTION
friend_requests,recipient_account_id,accounts,account_id,CASCADE,NO ACTION
gathering_results,material_id,materials,material_id,RESTRICT,NO ACTION
gathering_results,gathering_session_id,gathering_sessions,gathering_session_id,CASCADE,NO ACTION
gathering_sessions,character_id,characters,character_id,CASCADE,NO ACTION
hall_of_fame,character_id,characters,character_id,SET NULL,NO ACTION
hall_of_fame,season_id,seasons,season_id,RESTRICT,NO ACTION
holy_grail_entries,account_id,accounts,account_id,CASCADE,NO ACTION
holy_grail_entries,found_season_id,seasons,season_id,SET NULL,NO ACTION
holy_grail_entries,found_by_character_id,characters,character_id,SET NULL,NO ACTION
holy_grail_entries,set_template_id,set_templates,set_template_id,RESTRICT,NO ACTION
holy_grail_entries,unique_template_id,unique_templates,unique_template_id,RESTRICT,NO ACTION
hourly_chest_progress,character_id,characters,character_id,CASCADE,NO ACTION
inventory_items,item_id,items,item_id,CASCADE,NO ACTION
inventory_items,character_id,characters,character_id,CASCADE,NO ACTION
item_affixes,item_id,items,item_id,CASCADE,NO ACTION
item_affixes,affix_template_id,affix_templates,affix_template_id,RESTRICT,NO ACTION
item_bases,set_template_id,set_templates,set_template_id,RESTRICT,NO ACTION
item_bases,unique_template_id,unique_templates,unique_template_id,RESTRICT,NO ACTION
items,item_base_id,item_bases,item_base_id,RESTRICT,NO ACTION
login_streak_progress,character_id,characters,character_id,CASCADE,NO ACTION
loot_tables,monster_id,monsters,monster_id,CASCADE,NO ACTION
loot_tables,item_base_id,item_bases,item_base_id,RESTRICT,NO ACTION
mail_attachments,item_id,items,item_id,RESTRICT,NO ACTION
mail_attachments,consumable_definition_id,consumable_definitions,consumable_definition_id,RESTRICT,NO ACTION
mail_attachments,material_id,materials,material_id,RESTRICT,NO ACTION
mail_attachments,mail_message_id,mail_messages,mail_message_id,CASCADE,NO ACTION
mail_messages,character_id,characters,character_id,CASCADE,NO ACTION
material_storage,material_id,materials,material_id,RESTRICT,NO ACTION
material_storage,character_id,characters,character_id,CASCADE,NO ACTION
monster_abilities,spell_id,spells,spell_id,RESTRICT,NO ACTION
monster_abilities,monster_id,monsters,monster_id,CASCADE,NO ACTION
monster_ability_weights,monster_ability_id,monster_abilities,monster_ability_id,CASCADE,NO ACTION
monster_tasks,monster_id,monsters,monster_id,RESTRICT,NO ACTION
monster_tasks,boss_id,bosses,boss_id,RESTRICT,NO ACTION
monsters,monster_family_id,monster_families,monster_family_id,RESTRICT,NO ACTION
other_loot_tables,monster_id,monsters,monster_id,CASCADE,NO ACTION
other_loot_tables,material_id,materials,material_id,RESTRICT,NO ACTION
other_loot_tables,consumable_definition_id,consumable_definitions,consumable_definition_id,RESTRICT,NO ACTION
private_messages,sender_account_id,accounts,account_id,CASCADE,NO ACTION
private_messages,recipient_account_id,accounts,account_id,CASCADE,NO ACTION
punishments,account_id,accounts,account_id,RESTRICT,NO ACTION
recipe_materials,material_id,materials,material_id,RESTRICT,NO ACTION
recipe_materials,recipe_id,recipes,recipe_id,CASCADE,NO ACTION
recipes,consumable_definition_id,consumable_definitions,consumable_definition_id,RESTRICT,NO ACTION
season_rankings,season_id,seasons,season_id,RESTRICT,NO ACTION
season_rankings,character_id,characters,character_id,RESTRICT,NO ACTION
set_bonuses,set_template_id,set_templates,set_template_id,CASCADE,NO ACTION
set_progress,account_id,accounts,account_id,CASCADE,NO ACTION
set_progress,set_template_id,set_templates,set_template_id,RESTRICT,NO ACTION
unique_pity_tracking,character_id,characters,character_id,CASCADE,NO ACTION
